model,r2,rmse,mae,time_s,fingerprint,split
Ridge Regression,0.3327321258588379,1.0226459844084776,0.8180591109600838,28.434134006500244,maccs,random
Lasso Regression,0.0700844491898982,1.2072493062934386,1.0089174932649878,0.0506660938262939,maccs,random
ElasticNet,0.1414410374584054,1.1600060984227702,0.9633082890335868,0.0465788841247558,maccs,random
k-Nearest Neighbors,0.4056946954197641,0.9651171046658578,0.7164357034795763,11.560389995574951,maccs,random
SVR (RBF),0.4746190941827544,0.9074283674813322,0.6772726227444789,6.094214916229248,maccs,random
SVR (Linear),0.2839351221444279,1.0593790876471827,0.8310889510333952,7.526268243789673,maccs,random
Decision Tree,0.3378772015057623,1.0186957171835882,0.7286604071817723,0.2787649631500244,maccs,random
Random Forest,0.5111469490200058,0.8753150068940696,0.656470368664993,80.18380427360535,maccs,random
Extra Trees,0.3493100219428098,1.009862552773802,0.7267800950072806,96.2142322063446,maccs,random
Gradient Boosting,0.4018103219663658,0.9682659656270938,0.766160690593919,5.64307713508606,maccs,random
Bayesian Ridge,0.336681,1.0196154914048752,0.814816951751709,6.447687864303589,maccs,random
PLS Regression,0.3306861670304587,1.0242125853705235,0.8170646156514242,0.6098775863647461,maccs,random
XGBoost,0.45310175,0.9258240637556976,0.6676217913627625,15.591574668884276,maccs,random
MLP Regressor,0.41279507,0.959334455248442,0.7176130414009094,17.44864511489868,maccs,random
AdaBoost,0.2521505741343079,1.0826355655446591,0.8968061612291933,2.378387451171875,maccs,random
Lasso Regression,-0.056624293,1.275204608431713,1.035775899887085,1.5839910507202148,maccs,kennard_stone
ElasticNet,0.0056501627,1.2370554636129405,1.0192221403121948,0.3943955898284912,maccs,kennard_stone
Decision Tree,0.1244646116551702,1.1607973954650266,0.8337587573322846,1.181990623474121,maccs,kennard_stone
Bayesian Ridge,0.18962926,1.1167641217611506,0.90507972240448,0.2902472019195556,maccs,kennard_stone
PLS Regression,0.1779447861395161,1.1247864264747889,0.9133271902373176,0.2039027214050293,maccs,kennard_stone
Ridge Regression,0.18398589,1.1206458921766795,0.9064694046974182,0.2456824779510498,maccs,kennard_stone
Gradient Boosting,0.247444452767517,1.07618975501563,0.8516637848432663,7.115270376205444,maccs,kennard_stone
XGBoost,0.15362847,1.141300732841848,0.8191785216331482,14.2146418094635,maccs,kennard_stone
SVR (RBF),0.20864713,1.1035821135079065,0.8412259817123413,1.5031259059906006,maccs,kennard_stone
SVR (Linear),0.079809725,1.1900313151270312,0.9441753029823304,3.2359166145324707,maccs,kennard_stone
k-Nearest Neighbors,0.27101272,1.0592038131630823,0.8050227165222168,0.2149691581726074,maccs,kennard_stone
MLP Regressor,0.29772747,1.039614709955248,0.786583662033081,19.44121599197388,maccs,kennard_stone
AdaBoost,0.2285242649625281,1.0896341556094429,0.8901156286442673,2.506459474563598,maccs,kennard_stone
Random Forest,0.25284088,1.0723242682869378,0.7765993475914001,49.6533420085907,maccs,kennard_stone
Lasso Regression,0.10874826,1.181885496886716,0.9889113903045654,7.611055850982666,pubchem,random
ElasticNet,0.19480479,1.1233776898970025,0.93876051902771,7.786288261413574,pubchem,random
Decision Tree,0.3367528908504289,1.0195602392246303,0.720695047941662,3.1047096252441406,pubchem,random
Bayesian Ridge,0.41977876,0.9536126562097926,0.7469342350959778,1.4481985569000244,pubchem,random
PLS Regression,0.3758809239497721,0.9890287952138564,0.7728306278920514,0.7265684604644775,pubchem,random
Ridge Regression,0.4148913,0.9576206183094902,0.7372121810913086,0.2618212699890136,pubchem,random
Gradient Boosting,0.449826175289393,0.9285924961297126,0.7311593232887762,24.366938829422,pubchem,random
XGBoost,0.4979965,0.887010097953662,0.6391738057136536,17.54645586013794,pubchem,random
SVR (RBF),0.4799515,0.9028116309510692,0.6713757514953613,0.406132698059082,pubchem,random
SVR (Linear),0.36578333,0.9969974382840134,0.7507398128509521,6.635652303695679,pubchem,random
k-Nearest Neighbors,0.39135534,0.976690848499245,0.7101089358329773,0.0578112602233886,pubchem,random
MLP Regressor,0.47952718,0.9031798547367456,0.6630944609642029,19.134262084960938,pubchem,random
AdaBoost,0.2424634125040884,1.089624887810314,0.9035368719701103,6.096803188323975,pubchem,random
Random Forest,0.52339387,0.8642811572699003,0.6429502367973328,131.72784614562988,pubchem,random
Lasso Regression,-0.04971552,1.0904051179217202,0.8750040531158447,4.196166753768921,pubchem,kennard_stone
ElasticNet,0.033582687,1.0462474935084574,0.8438593149185181,6.132869958877564,pubchem,kennard_stone
Decision Tree,-0.1437257400479521,1.138185427158692,0.8111303909540617,3.0009303092956543,pubchem,kennard_stone
Bayesian Ridge,0.0388453,1.043394937484039,0.8237983584403992,1.3699209690093994,pubchem,kennard_stone
PLS Regression,-0.0037406354469187,1.0662592859662448,0.8493640884913444,0.6896703243255615,pubchem,kennard_stone
Ridge Regression,0.02500534,1.050880172214006,0.8254786729812622,0.237215518951416,pubchem,kennard_stone
Gradient Boosting,0.1059800193165974,1.0062958594257605,0.779601251223894,21.50001716613769,pubchem,kennard_stone
XGBoost,-0.07212901,1.1019847953218245,0.7849298715591431,17.370777130126953,pubchem,kennard_stone
SVR (RBF),0.03518808,1.045378113014579,0.7815863490104675,0.4064610004425049,pubchem,kennard_stone
SVR (Linear),-0.06774855,1.099731275939759,0.8468174934387207,8.028385400772095,pubchem,kennard_stone
k-Nearest Neighbors,0.003921509,1.0621817617101454,0.8008019328117371,0.0530698299407959,pubchem,kennard_stone
MLP Regressor,0.09609747,1.0118424034405404,0.7557134628295898,16.408918380737305,pubchem,kennard_stone
AdaBoost,0.0799613043535605,1.0208339852123811,0.8195309403971899,7.770385980606079,pubchem,kennard_stone
Random Forest,0.053037465,1.0356630632108434,0.7651801705360413,133.75712418556213,pubchem,kennard_stone
Lasso Regression,0.048786223,1.220996058602185,1.0208438634872437,0.1912581920623779,substructure,random
ElasticNet,0.12811852,1.1689715211204044,0.9717071056365968,0.3182976245880127,substructure,random
Decision Tree,0.3323306581390781,1.0229535763240876,0.7770959975043993,0.2683124542236328,substructure,random
Bayesian Ridge,0.2514668,1.0831303712037,0.8651775121688843,0.1339480876922607,substructure,random
PLS Regression,0.2504868863284286,1.0838391279908255,0.8600736295147678,0.1540262699127197,substructure,random
Ridge Regression,0.24986893,1.08428582476151,0.8641400933265686,0.0681581497192382,substructure,random
Gradient Boosting,0.3411330115669561,1.0161880462639203,0.819775366475776,2.7376179695129395,substructure,random
XGBoost,0.35331053,1.0067534093768296,0.7744342088699341,12.068544626235962,substructure,random
SVR (RBF),0.3760333,0.9889080788831576,0.7706014513969421,0.2944307327270508,substructure,random
SVR (Linear),0.23069811,1.0980537753599109,0.8621652722358704,0.8143315315246582,substructure,random
k-Nearest Neighbors,0.2885148,1.055985958345575,0.8113011121749878,0.032123327255249,substructure,random
MLP Regressor,0.39972764,0.9699500557242716,0.7661796808242798,11.677956581115724,substructure,random
AdaBoost,0.1755370409900626,1.1367390567770912,0.947974113089192,0.7596259117126465,substructure,random
Random Forest,0.42802227,0.9468142033563596,0.7352109551429749,29.40222787857056,substructure,random
Lasso Regression,-0.04023838,1.2764218704663142,1.0466110706329346,0.1258859634399414,substructure,kennard_stone
ElasticNet,0.05584222,1.2160462441466349,1.0051145553588867,0.2171225547790527,substructure,kennard_stone
Decision Tree,0.042006512782441,1.224923804076607,0.9292312278781888,0.2580869197845459,substructure,kennard_stone
Bayesian Ridge,0.12345642,1.1716949324546857,0.946456015110016,0.1209087371826171,substructure,kennard_stone
PLS Regression,0.1168861195695143,1.1760780691318689,0.9464337478678072,0.1267843246459961,substructure,kennard_stone
Ridge Regression,0.11555034,1.1769671875132235,0.9518535137176514,0.0583229064941406,substructure,kennard_stone
Gradient Boosting,0.1893909316420909,1.1267654586380946,0.9105619136631052,2.8285574913024902,substructure,kennard_stone
XGBoost,0.07866043,1.2012617868406876,0.91322261095047,13.108458757400513,substructure,kennard_stone
SVR (RBF),0.053092062,1.2178159704787854,0.9577051401138306,0.328115701675415,substructure,kennard_stone
SVR (Linear),0.049172163,1.220334075072736,0.9836620092391968,0.9332077503204346,substructure,kennard_stone
k-Nearest Neighbors,0.17870736,1.1341663557543151,0.8653637766838074,0.0487051010131835,substructure,kennard_stone
MLP Regressor,0.18943876,1.126732181463196,0.8760330677032471,11.812100172042848,substructure,kennard_stone
AdaBoost,0.0892172046637205,1.1943598765308738,0.977288937536209,1.2096796035766602,substructure,kennard_stone
Random Forest,0.13857442,1.161546689537316,0.8790434002876282,29.08634114265442,substructure,kennard_stone
Lasso Regression,0.05306822,1.2182447902443578,1.019907832145691,0.5387189388275146,klekota_roth,random
ElasticNet,0.13442963,1.1647330279467805,0.9733945727348328,2.152456045150757,klekota_roth,random
Decision Tree,0.236923417528862,1.0936019366785514,0.7610970309012373,1.469438076019287,klekota_roth,random
Bayesian Ridge,0.4092129,0.9622562012981772,0.7537816166877747,1.3226618766784668,klekota_roth,random
PLS Regression,0.3889799606702537,0.9785948695638236,0.7659784442107501,0.5906181335449219,klekota_roth,random
Ridge Regression,0.38844526,0.9790229624275358,0.7733814716339111,0.2342293262481689,klekota_roth,random
Gradient Boosting,0.445990197277238,0.9318240866280244,0.7365197109960618,17.8872013092041,klekota_roth,random
XGBoost,0.49193317,0.8923508502916184,0.6526418328285217,16.308714151382446,klekota_roth,random
SVR (RBF),0.47151738,0.910103039147932,0.6825767159461975,0.3993661403656006,klekota_roth,random
SVR (Linear),0.33475548,1.0210942823646518,0.788837194442749,4.469821929931641,klekota_roth,random
k-Nearest Neighbors,0.38022947,0.9855772578469688,0.7361664175987244,0.0653426647186279,klekota_roth,random
MLP Regressor,0.4527555,0.9261171077783812,0.707700252532959,19.07280468940735,klekota_roth,random
AdaBoost,0.1999534906998629,1.119780305674953,0.9341996812427498,5.509628534317017,klekota_roth,random
Random Forest,0.5263118,0.8616313443854465,0.6560115218162537,125.58369326591492,klekota_roth,random
Lasso Regression,0.008950055,1.2141642740174132,1.008389949798584,0.6079838275909424,klekota_roth,kennard_stone
ElasticNet,0.04131794,1.1941722841967013,0.9887836575508118,2.3944292068481445,klekota_roth,kennard_stone
Decision Tree,0.2259107759729917,1.0730629153476543,0.7298103270491934,2.273874521255493,klekota_roth,kennard_stone
Bayesian Ridge,0.3521793,0.9816509581757084,0.7923458218574524,1.301677942276001,klekota_roth,kennard_stone
PLS Regression,0.3167144212435169,1.0081631113031977,0.8128964698332624,0.6864557266235352,klekota_roth,kennard_stone
Ridge Regression,0.3774382,0.9623230969739388,0.7732919454574585,0.2319071292877197,klekota_roth,kennard_stone
Gradient Boosting,0.3219587967392269,1.00428671591525,0.8171130498415203,19.31622338294983,klekota_roth,kennard_stone
XGBoost,0.37518758,0.9640609716468208,0.6678735017776489,16.07118821144104,klekota_roth,kennard_stone
SVR (RBF),0.3735482,0.9653248996500132,0.7409266233444214,0.4596402645111084,klekota_roth,kennard_stone
SVR (Linear),0.27441186,1.0389024424787938,0.8122717142105103,5.607941627502441,klekota_roth,kennard_stone
k-Nearest Neighbors,0.2935276,1.0251260470601384,0.7896530628204346,0.0623559951782226,klekota_roth,kennard_stone
MLP Regressor,0.4390697,0.91344861666231,0.6771776676177979,18.81863164901733,klekota_roth,kennard_stone
AdaBoost,0.0934565430647569,1.1612453529124296,0.9655534105240434,10.916120529174805,klekota_roth,kennard_stone
Random Forest,0.44839633,0.90582281765161,0.7044273018836975,124.43433499336244,klekota_roth,kennard_stone
Lasso Regression,0.114212215,1.1782570560016603,0.985063910484314,3.080047130584717,cdk,random
ElasticNet,0.24431813,1.088290183967895,0.8988474607467651,5.921761751174927,cdk,random
Decision Tree,0.3106434836452908,1.0394345546580903,0.7477975665286689,12.137067079544067,cdk,random
Bayesian Ridge,0.47441155,0.907607574444818,0.6966637372970581,6.291490793228149,cdk,random
PLS Regression,0.4298337067693307,0.945313755219716,0.7217686476327562,1.573671579360962,cdk,random
Ridge Regression,0.22002017,1.105648012757369,0.815410852432251,0.5715572834014893,cdk,random
Gradient Boosting,0.477358541247866,0.9050595104348262,0.6938844040694832,65.01336717605591,cdk,random
XGBoost,0.5368836,0.8519620745371151,0.613917350769043,26.458260536193848,cdk,random
SVR (RBF),0.52995217,0.8583140673527594,0.6369724273681641,0.5602400302886963,cdk,random
SVR (Linear),0.06592709,1.2099449273651983,0.8617237210273743,32.32115650177002,cdk,random
k-Nearest Neighbors,0.41763896,0.9553694641479956,0.6897549033164978,0.104264497756958,cdk,random
MLP Regressor,0.5326362,0.8558599892513521,0.6181367039680481,25.091602087020878,cdk,random
AdaBoost,0.3155393691918203,1.0357368885770797,0.852924852295567,25.39366555213928,cdk,random
Random Forest,0.55921113,0.8311712270713193,0.6240927577018738,305.57901215553284,cdk,random
Lasso Regression,-0.120828986,1.3398628344719767,1.1117929220199585,3.135760307312012,cdk,kennard_stone
ElasticNet,-0.05744183,1.301424251326099,1.0676043033599854,7.465540647506714,cdk,kennard_stone
Decision Tree,0.1027398192529053,1.198808588777196,0.8219018579260703,15.182205438613892,cdk,kennard_stone
Bayesian Ridge,0.18879968,1.139868393880645,0.899551272392273,6.712648153305054,cdk,kennard_stone
PLS Regression,0.1988799826448107,1.1327640044828713,0.906279388365372,2.1609110832214355,cdk,kennard_stone
Ridge Regression,0.23902494,1.1040172415817509,0.8479324579238892,0.5226547718048096,cdk,kennard_stone
Gradient Boosting,0.1925594736251579,1.137223747542123,0.9001394959103929,63.59653067588806,cdk,kennard_stone
XGBoost,0.2461766,1.098817204578106,0.7708929777145386,27.1186363697052,cdk,kennard_stone
SVR (RBF),0.23277438,1.108542116238315,0.8467223644256592,0.5272846221923828,cdk,kennard_stone
SVR (Linear),0.23904997,1.103999101171957,0.85111004114151,40.360026836395264,cdk,kennard_stone
k-Nearest Neighbors,-0.037419677,1.2890444205201137,0.9693177938461304,0.0950286388397216,cdk,kennard_stone
MLP Regressor,0.27852827,1.0749798107469222,0.7861346006393433,20.479841232299805,cdk,kennard_stone
AdaBoost,0.0214042750195461,1.251965339007763,1.0388626899347138,253.56645917892456,cdk,kennard_stone
Random Forest,0.3477732,1.0220919784095273,0.7544717192649841,304.6005291938782,cdk,kennard_stone
Lasso Regression,0.13950408,1.1613138505281015,0.9650744199752808,4.428920030593872,cdk_ext,random
ElasticNet,0.22260046,1.1038176806772022,0.9082138538360596,6.059600114822388,cdk_ext,random
Decision Tree,0.3660562452084606,0.9967828829946296,0.6931803465741218,14.355687856674194,cdk_ext,random
Bayesian Ridge,0.47076046,0.910754551518282,0.6992025375366211,7.606319665908813,cdk_ext,random
PLS Regression,0.427876920329576,0.9469345041029464,0.740086367629326,1.5706636905670166,cdk_ext,random
Ridge Regression,0.20944369,1.1131190131581723,0.8250603079795837,0.5306587219238281,cdk_ext,random
Gradient Boosting,0.4848871421008723,0.8985172163047797,0.6960511723136353,69.94547963142395,cdk_ext,random
XGBoost,0.5516947,0.8382279932857616,0.6104108691215515,26.4414119720459,cdk_ext,random
SVR (RBF),0.5263572,0.8615900796122568,0.6433542370796204,0.5412278175354004,cdk_ext,random
SVR (Linear),0.08743483,1.1959338598941045,0.8717814683914185,34.76784157752991,cdk_ext,random
k-Nearest Neighbors,0.42423898,0.9499403483083758,0.6856973767280579,0.1189608573913574,cdk_ext,random
MLP Regressor,0.53261733,0.8558772953582644,0.6319592595100403,29.042582988739014,cdk_ext,random
AdaBoost,0.2822047079717965,1.060658338100869,0.8656025199925844,45.61548399925232,cdk_ext,random
Random Forest,0.58073235,0.8106266947591061,0.6056592464447021,306.795538187027,cdk_ext,random
Lasso Regression,-0.10944879,1.3213606065776884,1.093260645866394,3.4255919456481934,cdk_ext,kennard_stone
ElasticNet,-0.04490304,1.2823474649808015,1.0568002462387085,6.620571851730347,cdk_ext,kennard_stone
Decision Tree,0.3074905454738126,1.0439521193100068,0.7198656906575074,15.283142805099487,cdk_ext,kennard_stone
Bayesian Ridge,0.22686625,1.1030496069023712,0.8787776827812195,6.131292104721069,cdk_ext,kennard_stone
PLS Regression,0.1943574999671167,1.1260013494964147,0.9136901464389976,1.9432387351989744,cdk_ext,kennard_stone
Ridge Regression,0.31958526,1.034795619116594,0.805508017539978,0.5623469352722168,cdk_ext,kennard_stone
Gradient Boosting,0.2148161405574058,1.1116124661526554,0.8861508888708175,68.82476592063904,cdk_ext,kennard_stone
XGBoost,0.30102855,1.0488115305804313,0.7249031662940979,26.44154357910156,cdk_ext,kennard_stone
SVR (RBF),0.26785797,1.073409396363113,0.8222435116767883,0.4975643157958984,cdk_ext,kennard_stone
SVR (Linear),0.29840243,1.0507798886201682,0.8053300976753235,45.65482807159424,cdk_ext,kennard_stone
k-Nearest Neighbors,0.16340244,1.1474295104572658,0.8622564673423767,0.11906099319458,cdk_ext,kennard_stone
MLP Regressor,0.3027743,1.0475009356474054,0.7489144802093506,22.2651047706604,cdk_ext,kennard_stone
AdaBoost,0.1287195673855815,1.1709725302474827,0.9731378323633424,255.4073581695557,cdk_ext,kennard_stone
Random Forest,0.30860436,1.0431122413252685,0.7539408206939697,301.5548822879791,cdk_ext,kennard_stone
Lasso Regression,0.109206855,1.181581404281761,0.9862269163131714,3.68363356590271,cdk_graphonly,random
ElasticNet,0.18377584,1.131045153285693,0.9435920715332032,4.785470724105835,cdk_graphonly,random
Decision Tree,0.3607962303268437,1.0009096385478329,0.7069464284326569,5.746824264526367,cdk_graphonly,random
Bayesian Ridge,0.40102714,0.9688995922630697,0.7485997080802917,3.8831844329833984,cdk_graphonly,random
PLS Regression,0.342569824087905,1.0150794244861845,0.7907553385610525,1.5506324768066406,cdk_graphonly,random
Ridge Regression,0.22191077,1.1043072317128255,0.8243884444236755,0.4395051002502441,cdk_graphonly,random
Gradient Boosting,0.4184261025207448,0.9547236056620906,0.739177931702654,42.28296041488648,cdk_graphonly,random
XGBoost,0.5125059,0.8740975289934261,0.6451443433761597,22.03464913368225,cdk_graphonly,random
SVR (RBF),0.4534157,0.925558328951308,0.695509135723114,0.4479563236236572,cdk_graphonly,random
SVR (Linear),0.1487081,1.1550863957810449,0.8366184234619141,6.977833032608032,cdk_graphonly,random
k-Nearest Neighbors,0.38173884,0.9843763926662704,0.7288109064102173,0.0829050540924072,cdk_graphonly,random
MLP Regressor,0.4259637,0.9485164603181035,0.7292771339416504,19.817811489105225,cdk_graphonly,random
AdaBoost,0.2580012691183339,1.078392326481234,0.8879430037948998,11.988350868225098,cdk_graphonly,random
Random Forest,0.521594,0.865911524481825,0.6535486578941345,228.3576900959015,cdk_graphonly,random
Lasso Regression,-0.4273877,1.2070965795522073,0.9898877739906312,5.084521532058716,cdk_graphonly,kennard_stone
ElasticNet,-0.38211536,1.187799666891647,0.9735829830169678,5.350684642791748,cdk_graphonly,kennard_stone
Decision Tree,-0.1914925684927051,1.1028506840926098,0.8227667463693545,5.114409923553467,cdk_graphonly,kennard_stone
Bayesian Ridge,-0.15909612,1.0877542461609602,0.8613583445549011,3.939743995666504,cdk_graphonly,kennard_stone
PLS Regression,-0.2543030302889317,1.1315461822612671,0.9032861554613064,1.115943193435669,cdk_graphonly,kennard_stone
Ridge Regression,-0.14028263,1.0788903767649376,0.8468829989433289,0.434302806854248,cdk_graphonly,kennard_stone
Gradient Boosting,-0.2050446401142596,1.109104878634039,0.8791380751544557,36.92130374908447,cdk_graphonly,kennard_stone
XGBoost,-0.14488411,1.081064997815982,0.8044210076332092,22.052183628082275,cdk_graphonly,kennard_stone
SVR (RBF),-0.2768407,1.141666877124702,0.8809219598770142,0.5040237903594971,cdk_graphonly,kennard_stone
SVR (Linear),-0.2804432,1.1432763207978294,0.8884714841842651,8.439508199691772,cdk_graphonly,kennard_stone
k-Nearest Neighbors,-0.17128265,1.0934574825949936,0.8440384864807129,0.0780997276306152,cdk_graphonly,kennard_stone
MLP Regressor,-0.19681025,1.1053089794720856,0.8477969765663147,18.017134189605716,cdk_graphonly,kennard_stone
AdaBoost,-0.2765756033907915,1.141548369676601,0.91974277445537,15.544923067092896,cdk_graphonly,kennard_stone
Random Forest,-0.04691708,1.0337777802172232,0.7705996036529541,233.0710487365723,cdk_graphonly,kennard_stone
Lasso Regression,0.058048844,1.2150367019353223,1.016083598136902,0.0750737190246582,estate,random
ElasticNet,0.1088106,1.1818441420651575,0.9867759346961976,0.1090574264526367,estate,random
Decision Tree,0.3007732893003582,1.046849410282822,0.7923052902434012,0.1764986515045166,estate,random
Bayesian Ridge,0.19086152,1.1261250909938008,0.911714255809784,0.0721387863159179,estate,random
PLS Regression,0.1880719389574603,1.128064632610405,0.9111463699604272,0.1002020835876464,estate,random
Ridge Regression,0.18859112,1.1277039140922085,0.9111595749855042,0.0469260215759277,estate,random
Gradient Boosting,0.3049570472611813,1.0437128483930669,0.8339952458609956,1.788865566253662,estate,random
XGBoost,0.3350727,1.0208508366751512,0.7812716364860535,12.076351165771484,estate,random
SVR (RBF),0.3430754,1.0146890288853383,0.7856855392456055,0.2913393974304199,estate,random
SVR (Linear),0.17280555,1.1386205226514083,0.9071556329727172,0.6034355163574219,estate,random
k-Nearest Neighbors,0.22173852,1.1044294776281902,0.8432889580726624,0.0268850326538085,estate,random
MLP Regressor,0.32613677,1.0276875083963706,0.7998055219650269,11.97415542602539,estate,random
AdaBoost,0.1798786093167257,1.1337421091614888,0.9401589615081066,0.641460657119751,estate,random
Random Forest,0.37451613,0.9901095580640342,0.765950620174408,22.27685594558716,estate,random
Lasso Regression,-0.05961919,1.3247976022559274,1.0930891036987305,0.059157371520996,estate,kennard_stone
ElasticNet,0.033332527,1.265357283546111,1.048509955406189,0.1054301261901855,estate,kennard_stone
Decision Tree,0.0516865668053765,1.253287103284137,0.9710205230456858,0.1780741214752197,estate,kennard_stone
Bayesian Ridge,0.120172024,1.2071840751218192,0.971474826335907,0.0569171905517578,estate,kennard_stone
PLS Regression,0.1238958335242867,1.2046267204459922,0.9656631194843368,0.1041254997253418,estate,kennard_stone
Ridge Regression,0.1235705,1.2048503839831832,0.965962827205658,0.04976487159729,estate,kennard_stone
Gradient Boosting,0.1911254060173425,1.15748458733975,0.9056873527442052,1.7344553470611572,estate,kennard_stone
XGBoost,0.117541015,1.208987727491818,0.9284273982048036,11.8467915058136,estate,kennard_stone
SVR (RBF),0.15958208,1.1798377036160883,0.9047181606292723,0.3103129863739013,estate,kennard_stone
SVR (Linear),0.10727829,1.2159974731306122,0.964560866355896,0.6033289432525635,estate,kennard_stone
k-Nearest Neighbors,0.08656317,1.230024808695503,0.9606740474700928,0.0276615619659423,estate,kennard_stone
MLP Regressor,0.22970635,1.129543032450824,0.8807659149169922,10.98254108428955,estate,kennard_stone
AdaBoost,0.1770824484128375,1.167488958779344,0.9526972031799472,0.7489931583404541,estate,kennard_stone
Random Forest,0.1520409,1.1851193004222045,0.908107340335846,22.555336713790894,estate,kennard_stone
Lasso Regression,0.04228896,1.2251590061144582,1.026719331741333,0.2871906757354736,atompairs2d,random
ElasticNet,0.09984177,1.1877762322633365,0.9941626787185668,0.5999205112457275,atompairs2d,random
Decision Tree,0.2674930275266193,1.0714726481428374,0.769125103561792,0.7791829109191895,atompairs2d,random
Bayesian Ridge,0.2944777,1.051551564855528,0.8379526734352112,0.4985733032226562,atompairs2d,random
PLS Regression,0.2853438347934593,1.0583365136764744,0.8372909093130836,0.3864626884460449,atompairs2d,random
Ridge Regression,0.2894987,1.0552555391247154,0.8332722783088684,0.0877017974853515,atompairs2d,random
Gradient Boosting,0.3614517648764392,1.0003962661382284,0.7923648730316778,7.579694747924805,atompairs2d,random
XGBoost,0.4053278,0.9654149515276412,0.7063295245170593,14.436394214630129,atompairs2d,random
SVR (RBF),0.38151562,0.9845540625576872,0.753173291683197,0.4154188632965088,atompairs2d,random
SVR (Linear),0.2582128,1.07823860565045,0.846783459186554,2.586398839950561,atompairs2d,random
k-Nearest Neighbors,0.2739178,1.0667634023571402,0.8054038286209106,0.039142370223999,atompairs2d,random
MLP Regressor,0.3571027,1.003797295146155,0.7526036500930786,15.437863826751707,atompairs2d,random
AdaBoost,0.2042267820544565,1.116785758297402,0.9321357148169644,1.876744270324707,atompairs2d,random
Random Forest,0.43307948,0.942619207113748,0.7015268206596375,60.61298131942749,atompairs2d,random
Lasso Regression,-0.18909442,1.189474572299969,0.9704947471618652,0.2097342014312744,atompairs2d,kennard_stone
ElasticNet,-0.18230414,1.186073500483376,0.9690066576004028,1.0235373973846436,atompairs2d,kennard_stone
Decision Tree,-0.2223214360742376,1.2059789090524422,0.9086320514755652,0.8847482204437256,atompairs2d,kennard_stone
Bayesian Ridge,-0.17358303,1.181690965321036,0.9584134817123412,0.6123871803283691,atompairs2d,kennard_stone
PLS Regression,-0.2073797480812427,1.1985852863536215,0.9755034526886232,0.3786864280700683,atompairs2d,kennard_stone
Ridge Regression,-0.18383944,1.1868433391572644,0.9607750177383424,0.110041856765747,atompairs2d,kennard_stone
Gradient Boosting,-0.0994686266682292,1.1437692572981433,0.9166202090214728,8.626079797744751,atompairs2d,kennard_stone
XGBoost,-0.19635785,1.1931019706761596,0.9036730527877808,14.4321448802948,atompairs2d,kennard_stone
SVR (RBF),-0.20119393,1.1955109475151875,0.9489011764526368,0.3655245304107666,atompairs2d,kennard_stone
SVR (Linear),-0.3153125,1.2510119633426584,1.026656985282898,3.177171468734741,atompairs2d,kennard_stone
k-Nearest Neighbors,-0.19478595,1.1923178765238251,0.940297544002533,0.0384821891784668,atompairs2d,kennard_stone
MLP Regressor,-0.045980573,1.115600739543857,0.8634352684020996,18.755709648132324,atompairs2d,kennard_stone
AdaBoost,-0.3152536258891663,1.2509839922641175,1.0251501155182987,2.5970778465271,atompairs2d,kennard_stone
Random Forest,-0.11461043,1.1516182895018952,0.8886236548423767,62.9313952922821,atompairs2d,kennard_stone
Lasso Regression,0.09286851,1.192368065995141,0.9933293461799622,0.8419010639190674,substructure_count,random
ElasticNet,0.15050894,1.1538639709124083,0.954686999320984,2.1442711353302,substructure_count,random
Decision Tree,0.3148927651554937,1.0362259989287594,0.7547737259885358,0.2335784435272216,substructure_count,random
Bayesian Ridge,0.2313078,1.097618563945196,0.8827366232872009,0.1334123611450195,substructure_count,random
PLS Regression,0.2324597842258681,1.0967957971765268,0.8815482795513419,0.1488838195800781,substructure_count,random
Ridge Regression,0.23191136,1.097187580227068,0.8813201189041138,0.0623822212219238,substructure_count,random
Gradient Boosting,0.3980836797491212,0.9712773632058131,0.7716449715935144,4.361382722854614,substructure_count,random
XGBoost,0.48789948,0.8958861239351971,0.6560104489326477,12.80905055999756,substructure_count,random
SVR (RBF),0.30617672,1.0427967172536623,0.8346233367919922,0.2736649513244629,substructure_count,random
SVR (Linear),0.1783567,1.1347935684624235,0.8956092000007629,21.338335514068604,substructure_count,random
k-Nearest Neighbors,0.39015573,0.9776528641866322,0.7564569115638733,0.0313827991485595,substructure_count,random
MLP Regressor,0.37537837,0.9894268949565752,0.772827684879303,12.741012334823608,substructure_count,random
AdaBoost,0.2295599572626925,1.098865734073911,0.9158429715060442,1.4333910942077637,substructure_count,random
Random Forest,0.5199293,0.8674167639296531,0.6509666442871094,34.175776720047,substructure_count,random
Lasso Regression,0.022311568,1.1879245601424355,0.9823697209358216,0.4504115581512451,substructure_count,kennard_stone
ElasticNet,0.09853274,1.140679397331004,0.940375804901123,1.0121195316314695,substructure_count,kennard_stone
Decision Tree,0.0527542924957643,1.1692838333512023,0.8429600285520343,0.2753524780273437,substructure_count,kennard_stone
Bayesian Ridge,0.24457955,1.0441983293713948,0.8472452163696289,0.1176667213439941,substructure_count,kennard_stone
PLS Regression,0.2293463698019145,1.0546739916766732,0.8548439209221661,0.1431789398193359,substructure_count,kennard_stone
Ridge Regression,0.24550307,1.0435598462887763,0.8451598882675171,0.056598424911499,substructure_count,kennard_stone
Gradient Boosting,0.3028813946322495,1.0030947537665094,0.7951348793878343,4.258244514465332,substructure_count,kennard_stone
XGBoost,0.11437523,1.1306117285713433,0.8142878413200378,12.68663454055786,substructure_count,kennard_stone
SVR (RBF),0.128097,1.121818813096444,0.8963692784309387,0.2852380275726318,substructure_count,kennard_stone
SVR (Linear),0.20168895,1.0734323848508096,0.8621346354484558,21.578027963638306,substructure_count,kennard_stone
k-Nearest Neighbors,0.14499778,1.1108930704967777,0.8386059403419495,0.0319960117340087,substructure_count,kennard_stone
MLP Regressor,0.3255294,0.9866659058157676,0.7669885754585266,15.269228219985962,substructure_count,kennard_stone
AdaBoost,0.1662062899390006,1.0970285481902695,0.8984467637947262,1.998578786849976,substructure_count,kennard_stone
Random Forest,0.22321707,1.0588598163314535,0.7758651375770569,35.02855062484741,substructure_count,kennard_stone
Lasso Regression,0.12944025,1.168085149878222,0.9699337482452391,21.26680278778076,klekota_roth_count,random
ElasticNet,0.2159127,1.1085554507456674,0.9137439131736756,41.564385652542114,klekota_roth_count,random
Decision Tree,0.291592725549584,1.0536993539183086,0.7240510697160758,1.3089749813079834,klekota_roth_count,random
Bayesian Ridge,0.42632073,0.9482214755498202,0.7217079401016235,1.6290082931518557,klekota_roth_count,random
PLS Regression,0.3816598599631798,0.984439265360364,0.7475208307234957,0.8323733806610107,klekota_roth_count,random
Ridge Regression,-0.002660513,1.2535803065220443,0.9266695380210876,0.2668168544769287,klekota_roth_count,random
Gradient Boosting,0.4682540498954112,0.9129086100309995,0.7240861276555525,23.59077787399292,klekota_roth_count,random
XGBoost,0.55895805,0.8314098491278942,0.6056219935417175,18.37259650230408,klekota_roth_count,random
SVR (RBF),0.234106,1.095618967234426,0.8785309791564941,0.4186732769012451,klekota_roth_count,random
k-Nearest Neighbors,0.41855448,0.9546182223343268,0.7308229804039001,0.0728611946105957,klekota_roth_count,random
MLP Regressor,0.38204473,0.9841328580434306,0.7300544381141663,24.05202841758728,klekota_roth_count,random
AdaBoost,0.2261914372524576,1.1012653458843655,0.9185650303259106,10.748831510543823,klekota_roth_count,random
Random Forest,0.5636059,0.8270174213221195,0.6319021582603455,146.35776948928833,klekota_roth_count,random
Lasso Regression,0.12378633,1.1643928724669013,0.9676747918128968,8.053792715072632,klekota_roth_count,kennard_stone
ElasticNet,0.19979143,1.1127462607436387,0.9227247834205629,45.35126090049744,klekota_roth_count,kennard_stone
Decision Tree,0.4306184438236063,0.9386338844871452,0.6286305476527412,1.601405143737793,klekota_roth_count,kennard_stone
Bayesian Ridge,0.37579525,0.982783984572647,0.7907599806785583,1.6968839168548584,klekota_roth_count,kennard_stone
PLS Regression,0.3237772747322057,1.0229146802898412,0.8270461888601001,0.8402056694030762,klekota_roth_count,kennard_stone
Ridge Regression,0.35342842,1.0002367812210191,0.7830892205238342,0.2860026359558105,klekota_roth_count,kennard_stone
Gradient Boosting,0.3755824753631578,0.9829514603066796,0.8082962854370117,23.61501693725586,klekota_roth_count,kennard_stone
XGBoost,0.4990288,0.8804423154773847,0.6053899526596069,18.505072832107544,klekota_roth_count,kennard_stone
SVR (RBF),0.22864163,1.0925029730156224,0.8948236107826233,0.4111058712005615,klekota_roth_count,kennard_stone
k-Nearest Neighbors,0.38748175,0.9735405819902692,0.7530271410942078,0.0669441223144531,klekota_roth_count,kennard_stone
MLP Regressor,0.46106768,0.9131910294217912,0.7191747426986694,22.95559787750244,klekota_roth_count,kennard_stone
AdaBoost,0.1504669095749772,1.146528040036087,0.9671402899660048,14.73960781097412,klekota_roth_count,kennard_stone
Random Forest,0.4906093,0.8878100229810825,0.6808490753173828,145.18027663230896,klekota_roth_count,kennard_stone
Lasso Regression,0.23270434,1.0966210421798737,0.8976491093635559,4.528538703918457,atompairs2d_count,random
ElasticNet,0.2646175,1.0735736921555052,0.8728439807891846,3.60924220085144,atompairs2d_count,random
Decision Tree,0.3926669299535156,0.975637921896076,0.6905766930821835,0.8682093620300293,atompairs2d_count,random
Bayesian Ridge,0.33166194,1.0234657458418832,0.8106074333190918,0.6980960369110107,atompairs2d_count,random
PLS Regression,0.3049472469262458,1.0437202067148752,0.8305946199440817,0.4537513256072998,atompairs2d_count,random
Ridge Regression,0.32641095,1.0274784594503183,0.7937593460083008,0.1342933177947998,atompairs2d_count,random
Gradient Boosting,0.4839099840558661,0.8993690464657542,0.7100752771344514,14.748180627822876,atompairs2d_count,random
XGBoost,0.5636841,0.8269432921403892,0.5917916893959045,15.815134286880491,atompairs2d_count,random
SVR (RBF),0.35632074,1.004407527470458,0.7929270267486572,0.3582491874694824,atompairs2d_count,random
k-Nearest Neighbors,0.4397211,0.93708146607476,0.7027231454849243,0.0435559749603271,atompairs2d_count,random
MLP Regressor,0.3919378,0.9762234213577546,0.7497762441635132,13.138001203536987,atompairs2d_count,random
AdaBoost,0.3018923494869119,1.0460113726524882,0.8702134340519598,4.51121187210083,atompairs2d_count,random
Random Forest,0.5733307,0.8177506543200309,0.6069675087928772,76.5832667350769,atompairs2d_count,random
Lasso Regression,0.14744192,1.137462883647649,0.952376127243042,4.218799352645874,atompairs2d_count,kennard_stone
ElasticNet,0.17374253,1.1197806187757453,0.9373642206192015,5.155507564544678,atompairs2d_count,kennard_stone
Decision Tree,0.3098467854850529,1.0234060861290628,0.7119355278117996,0.9151933193206788,atompairs2d_count,kennard_stone
Bayesian Ridge,0.22124767,1.0871135463490644,0.899397611618042,0.7311854362487793,atompairs2d_count,kennard_stone
PLS Regression,0.2184914580606058,1.0890356641380807,0.908478606347769,0.578803539276123,atompairs2d_count,kennard_stone
Ridge Regression,0.2416811,1.0727565176736251,0.8859347105026245,0.1421253681182861,atompairs2d_count,kennard_stone
Gradient Boosting,0.3405603414311996,1.0003748592243111,0.8132682291302723,14.971662282943726,atompairs2d_count,kennard_stone
XGBoost,0.3270316,1.0105843683401436,0.7044344544410706,16.771825075149536,atompairs2d_count,kennard_stone
SVR (RBF),0.2825473,1.0434505764123878,0.8504903316497803,0.3112456798553467,atompairs2d_count,kennard_stone
k-Nearest Neighbors,0.2284683,1.0820619324007483,0.8261923789978027,0.0485196113586425,atompairs2d_count,kennard_stone
MLP Regressor,0.34600723,0.9962348389279624,0.7735022902488708,10.65389633178711,atompairs2d_count,kennard_stone
AdaBoost,-0.0781833574716128,1.2791502196647266,1.0555578973887574,22.961784839630127,atompairs2d_count,kennard_stone
Random Forest,0.38216192,0.968305885896578,0.7096454501152039,77.28834414482117,atompairs2d_count,kennard_stone
